DateTime,SalesID,ProductName,Price
2023/07/01 00:14:00,000001,プリンター,40000
2023/07/01 01:05:00,000002,ノートパソコン,120000
2023/07/01 04:15:00,000003,プリンター,40000
2023/07/01 06:09:00,000004,ノートパソコン,120000
2023/07/01 09:01:00,000005,デスクトップパソコン,150000
2023/07/01 09:06:00,000006,デスクトップパソコン,150000
2023/07/01 10:09:00,000007,ノートパソコン,120000
2023/07/01 10:19:00,000008,デスクトップパソコン,150000
2023/07/01 11:43:00,000009,ノートパソコン,120000
2023/07/01 12:01:00,000010,プリンター,40000
2023/07/01 13:00:00,000011,ノートパソコン,120000
2023/07/01 13:06:00,000012,ノートパソコン,120000
2023/07/01 13:32:00,000013,ノートパソコン,120000
2023/07/01 13:32:00,000013,デスクトップパソコン,150000
2023/07/01 14:23:00,000014,ノートパソコン,120000
2023/07/01 15:25:00,000015,プリンター,40000
2023/07/01 16:06:00,000016,デスクトップパソコン,150000
2023/07/01 16:15:00,000017,デスクトップパソコン,150000
2023/07/01 17:35:00,000018,ノートパソコン,120000
2023/07/01 20:28:00,000019,デスクトップパソコン,150000
2023/07/01 21:25:00,000020,プリンター,40000
2023/07/01 23:22:00,000021,デスクトップパソコン,150000
2023/07/01 23:23:00,000022,ノートパソコン,120000
2023/07/02 00:20:00,000023,プリンター,40000
2023/07/02 00:47:00,000024,プリンター,40000
2023/07/02 01:11:00,000025,プリンター,40000
2023/07/02 01:13:00,000026,デスクトップパソコン,150000
2023/07/02 01:51:00,000027,ノートパソコン,120000
2023/07/02 02:20:00,000028,ノートパソコン,120000
2023/07/02 02:20:00,000028,デスクトップパソコン,150000
2023/07/02 03:08:00,000029,プリンター,40000
2023/07/02 04:09:00,000030,プリンター,40000
2023/07/02 04:13:00,000031,デスクトップパソコン,150000
2023/07/02 04:56:00,000032,ノートパソコン,120000
2023/07/02 05:21:00,000033,プリンター,40000
2023/07/02 06:27:00,000034,デスクトップパソコン,150000
2023/07/02 07:08:00,000035,ノートパソコン,120000
2023/07/02 08:16:00,000036,プリンター,40000
2023/07/02 09:18:00,000037,プリンター,40000
2023/07/02 09:53:00,000038,プリンター,40000
2023/07/02 10:05:00,000039,デスクトップパソコン,150000
2023/07/02 10:40:00,000040,デスクトップパソコン,150000
2023/07/02 12:28:00,000041,デスクトップパソコン,150000
2023/07/02 14:02:00,000042,ノートパソコン,120000
2023/07/02 14:06:00,000043,プリンター,40000
2023/07/02 14:52:00,000044,デスクトップパソコン,150000
2023/07/02 15:48:00,000045,ノートパソコン,120000
2023/07/02 16:02:00,000046,プリンター,40000
2023/07/02 16:09:00,000047,プリンター,40000
2023/07/02 16:45:00,000048,プリンター,40000
2023/07/02 17:21:00,000049,デスクトップパソコン,150000
2023/07/02 17:26:00,000050,ノートパソコン,120000
2023/07/02 17:31:00,000051,プリンター,40000
2023/07/02 19:12:00,000052,プリンター,40000
2023/07/02 19:17:00,000053,ノートパソコン,120000
2023/07/02 19:33:00,000054,プリンター,40000
2023/07/02 20:02:00,000055,プリンター,40000
2023/07/02 20:14:00,000056,プリンター,40000
2023/07/02 20:51:00,000057,ノートパソコン,120000
2023/07/02 21:59:00,000058,デスクトップパソコン,150000
2023/07/02 22:45:00,000059,ノートパソコン,120000
2023/07/02 22:47:00,000060,デスクトップパソコン,150000
2023/07/03 00:53:00,000061,ノートパソコン,120000
2023/07/03 01:25:00,000062,ノートパソコン,120000
2023/07/03 03:15:00,000063,デスクトップパソコン,150000
2023/07/03 03:15:00,000063,プリンター,40000
2023/07/03 03:59:00,000064,ノートパソコン,120000
2023/07/03 05:46:00,000065,プリンター,40000
2023/07/03 05:55:00,000066,プリンター,40000
2023/07/03 06:18:00,000067,プリンター,40000
2023/07/03 08:49:00,000068,プリンター,40000
2023/07/03 13:05:00,000069,プリンター,40000
2023/07/03 16:33:00,000070,デスクトップパソコン,150000
2023/07/03 17:56:00,000071,ノートパソコン,120000
2023/07/03 19:03:00,000072,ノートパソコン,120000
2023/07/03 20:03:00,000073,デスクトップパソコン,150000
2023/07/03 22:04:00,000074,デスクトップパソコン,150000
2023/07/04 01:16:00,000075,プリンター,40000
2023/07/04 01:45:00,000076,プリンター,40000
2023/07/04 03:05:00,000077,デスクトップパソコン,150000
2023/07/04 03:12:00,000078,プリンター,40000
2023/07/04 04:33:00,000079,プリンター,40000
2023/07/04 05:40:00,000080,ノートパソコン,120000
2023/07/04 06:17:00,000081,ノートパソコン,120000
2023/07/04 06:17:00,000081,デスクトップパソコン,150000
2023/07/04 07:38:00,000082,ノートパソコン,120000
2023/07/04 09:50:00,000083,デスクトップパソコン,150000
2023/07/04 09:59:00,000084,デスクトップパソコン,150000
2023/07/04 11:46:00,000085,ノートパソコン,120000
2023/07/04 12:07:00,000086,デスクトップパソコン,150000
2023/07/04 14:09:00,000087,ノートパソコン,120000
2023/07/04 15:16:00,000088,ノートパソコン,120000
2023/07/04 17:03:00,000089,デスクトップパソコン,150000
2023/07/04 17:37:00,000090,ノートパソコン,120000
2023/07/04 19:23:00,000091,ノートパソコン,120000
2023/07/04 19:27:00,000092,デスクトップパソコン,150000
2023/07/04 19:59:00,000093,デスクトップパソコン,150000
2023/07/04 21:49:00,000094,プリンター,40000
2023/07/04 23:07:00,000095,ノートパソコン,120000
2023/07/04 23:07:00,000095,デスクトップパソコン,150000
2023/07/04 23:48:00,000096,デスクトップパソコン,150000
2023/07/05 01:12:00,000097,デスクトップパソコン,150000
2023/07/05 01:17:00,000098,デスクトップパソコン,150000
2023/07/05 04:31:00,000099,プリンター,40000
2023/07/05 05:21:00,000100,プリンター,40000
2023/07/05 06:09:00,000101,デスクトップパソコン,150000
2023/07/05 06:11:00,000102,プリンター,40000
2023/07/05 07:05:00,000103,プリンター,40000
2023/07/05 07:46:00,000104,プリンター,40000
2023/07/05 07:55:00,000105,プリンター,40000
2023/07/05 08:47:00,000106,ノートパソコン,120000
2023/07/05 09:11:00,000107,ノートパソコン,120000
2023/07/05 09:42:00,000108,デスクトップパソコン,150000
2023/07/05 10:46:00,000109,デスクトップパソコン,150000
2023/07/05 11:25:00,000110,デスクトップパソコン,150000
2023/07/05 11:33:00,000111,ノートパソコン,120000
2023/07/05 15:58:00,000112,ノートパソコン,120000
2023/07/05 16:03:00,000113,プリンター,40000
2023/07/05 17:52:00,000114,ノートパソコン,120000
2023/07/05 18:17:00,000115,ノートパソコン,120000
2023/07/05 18:47:00,000116,プリンター,40000
2023/07/05 19:33:00,000117,ノートパソコン,120000
2023/07/05 20:31:00,000118,デスクトップパソコン,150000
2023/07/05 21:30:00,000119,プリンター,40000
2023/07/05 22:50:00,000120,デスクトップパソコン,150000
2023/07/05 23:20:00,000121,ノートパソコン,120000
2023/07/05 23:31:00,000122,ノートパソコン,120000
2023/07/06 00:06:00,000123,デスクトップパソコン,150000
2023/07/06 00:26:00,000124,デスクトップパソコン,150000
2023/07/06 01:33:00,000125,プリンター,40000
2023/07/06 02:07:00,000126,ノートパソコン,120000
2023/07/06 02:30:00,000127,デスクトップパソコン,150000
2023/07/06 02:57:00,000128,プリンター,40000
2023/07/06 06:55:00,000129,プリンター,40000
2023/07/06 07:00:00,000130,デスクトップパソコン,150000
2023/07/06 07:54:00,000131,デスクトップパソコン,150000
2023/07/06 07:54:00,000131,プリンター,40000
2023/07/06 08:53:00,000132,プリンター,40000
2023/07/06 09:02:00,000133,デスクトップパソコン,150000
2023/07/06 10:33:00,000134,ノートパソコン,120000
2023/07/06 12:08:00,000135,ノートパソコン,120000
2023/07/06 13:23:00,000136,ノートパソコン,120000
2023/07/06 15:22:00,000137,ノートパソコン,120000
2023/07/06 16:37:00,000138,プリンター,40000
2023/07/06 17:43:00,000139,デスクトップパソコン,150000
2023/07/06 17:45:00,000140,プリンター,40000
2023/07/06 18:38:00,000141,プリンター,40000
2023/07/06 19:23:00,000142,デスクトップパソコン,150000
2023/07/06 20:09:00,000143,プリンター,40000
2023/07/06 20:52:00,000144,プリンター,40000
2023/07/06 23:25:00,000145,ノートパソコン,120000
2023/07/07 01:44:00,000146,デスクトップパソコン,150000
2023/07/07 01:49:00,000147,ノートパソコン,120000
2023/07/07 01:49:00,000147,プリンター,40000
2023/07/07 03:11:00,000148,ノートパソコン,120000
2023/07/07 03:59:00,000149,デスクトップパソコン,150000
2023/07/07 04:47:00,000150,ノートパソコン,120000
2023/07/07 06:28:00,000151,デスクトップパソコン,150000
2023/07/07 07:50:00,000152,プリンター,40000
2023/07/07 08:45:00,000153,プリンター,40000
2023/07/07 09:08:00,000154,デスクトップパソコン,150000
2023/07/07 10:35:00,000155,ノートパソコン,120000
2023/07/07 10:42:00,000156,デスクトップパソコン,150000
2023/07/07 13:53:00,000157,ノートパソコン,120000
2023/07/07 14:01:00,000158,デスクトップパソコン,150000
2023/07/07 14:47:00,000159,プリンター,40000
2023/07/07 15:40:00,000160,ノートパソコン,120000
2023/07/07 15:44:00,000161,プリンター,40000
2023/07/07 16:04:00,000162,プリンター,40000
2023/07/07 21:04:00,000163,プリンター,40000
2023/07/07 21:05:00,000164,プリンター,40000
2023/07/07 23:07:00,000165,デスクトップパソコン,150000
2023/07/08 00:05:00,000166,プリンター,40000
2023/07/08 02:35:00,000167,デスクトップパソコン,150000
2023/07/08 02:53:00,000168,ノートパソコン,120000
2023/07/08 06:26:00,000169,プリンター,40000
2023/07/08 07:20:00,000170,ノートパソコン,120000
2023/07/08 07:49:00,000171,ノートパソコン,120000
2023/07/08 08:18:00,000172,ノートパソコン,120000
2023/07/08 08:26:00,000173,デスクトップパソコン,150000
2023/07/08 09:59:00,000174,ノートパソコン,120000
2023/07/08 10:28:00,000175,ノートパソコン,120000
2023/07/08 15:58:00,000176,ノートパソコン,120000
2023/07/08 17:38:00,000177,ノートパソコン,120000
2023/07/08 17:58:00,000178,デスクトップパソコン,150000
2023/07/08 18:58:00,000179,プリンター,40000
2023/07/08 19:48:00,000180,デスクトップパソコン,150000
2023/07/08 20:53:00,000181,ノートパソコン,120000
2023/07/08 21:13:00,000182,デスクトップパソコン,150000
2023/07/08 21:58:00,000183,ノートパソコン,120000
2023/07/09 00:46:00,000184,ノートパソコン,120000
2023/07/09 00:52:00,000185,プリンター,40000
2023/07/09 01:12:00,000186,ノートパソコン,120000
2023/07/09 03:51:00,000187,プリンター,40000
2023/07/09 04:19:00,000188,デスクトップパソコン,150000
2023/07/09 05:30:00,000189,デスクトップパソコン,150000
2023/07/09 06:57:00,000190,デスクトップパソコン,150000
2023/07/09 07:22:00,000191,デスクトップパソコン,150000
2023/07/09 07:46:00,000192,デスクトップパソコン,150000
2023/07/09 08:12:00,000193,ノートパソコン,120000
2023/07/09 08:12:00,000193,プリンター,40000
2023/07/09 11:17:00,000194,プリンター,40000
2023/07/09 13:47:00,000195,プリンター,40000
2023/07/09 14:52:00,000196,ノートパソコン,120000
2023/07/09 15:38:00,000197,デスクトップパソコン,150000
2023/07/09 16:06:00,000198,ノートパソコン,120000
2023/07/09 16:27:00,000199,デスクトップパソコン,150000
2023/07/09 18:36:00,000200,プリンター,40000
2023/07/09 19:00:00,000201,プリンター,40000
2023/07/09 21:22:00,000202,ノートパソコン,120000
2023/07/09 21:40:00,000203,プリンター,40000
2023/07/09 23:57:00,000204,ノートパソコン,120000
2023/07/09 23:57:00,000204,プリンター,40000
2023/07/10 00:39:00,000205,デスクトップパソコン,150000
2023/07/10 05:38:00,000206,デスクトップパソコン,150000
2023/07/10 06:15:00,000207,デスクトップパソコン,150000
2023/07/10 06:42:00,000208,プリンター,40000
2023/07/10 07:01:00,000209,プリンター,40000
2023/07/10 08:25:00,000210,ノートパソコン,120000
2023/07/10 09:18:00,000211,ノートパソコン,120000
2023/07/10 09:30:00,000212,プリンター,40000
2023/07/10 10:21:00,000213,ノートパソコン,120000
2023/07/10 10:36:00,000214,プリンター,40000
2023/07/10 11:33:00,000215,ノートパソコン,120000
2023/07/10 13:50:00,000216,ノートパソコン,120000
2023/07/10 16:28:00,000217,ノートパソコン,120000
2023/07/10 17:06:00,000218,プリンター,40000
2023/07/10 17:42:00,000219,ノートパソコン,120000
2023/07/10 17:42:00,000219,プリンター,40000
2023/07/10 21:20:00,000220,デスクトップパソコン,150000
2023/07/11 00:25:00,000221,デスクトップパソコン,150000
2023/07/11 04:09:00,000222,ノートパソコン,120000
2023/07/11 05:11:00,000223,ノートパソコン,120000
2023/07/11 05:11:00,000223,プリンター,40000
2023/07/11 05:23:00,000224,プリンター,40000
2023/07/11 06:04:00,000225,プリンター,40000
2023/07/11 08:43:00,000226,プリンター,40000
2023/07/11 10:56:00,000227,プリンター,40000
2023/07/11 12:08:00,000228,プリンター,40000
2023/07/11 15:38:00,000229,プリンター,40000
2023/07/11 18:38:00,000230,プリンター,40000
2023/07/11 19:13:00,000231,デスクトップパソコン,150000
2023/07/11 19:25:00,000232,ノートパソコン,120000
2023/07/11 19:26:00,000233,ノートパソコン,120000
2023/07/11 19:26:00,000233,デスクトップパソコン,150000
2023/07/11 20:59:00,000234,ノートパソコン,120000
2023/07/11 21:17:00,000235,デスクトップパソコン,150000
2023/07/11 22:27:00,000236,プリンター,40000
2023/07/12 00:55:00,000237,プリンター,40000
2023/07/12 01:15:00,000238,プリンター,40000
2023/07/12 02:03:00,000239,デスクトップパソコン,150000
2023/07/12 02:33:00,000240,ノートパソコン,120000
2023/07/12 04:04:00,000241,ノートパソコン,120000
2023/07/12 04:54:00,000242,デスクトップパソコン,150000
2023/07/12 08:35:00,000243,ノートパソコン,120000
2023/07/12 09:58:00,000244,ノートパソコン,120000
2023/07/12 10:30:00,000245,プリンター,40000
2023/07/12 10:44:00,000246,プリンター,40000
2023/07/12 10:48:00,000247,プリンター,40000
2023/07/12 11:24:00,000248,デスクトップパソコン,150000
2023/07/12 12:07:00,000249,プリンター,40000
2023/07/12 12:35:00,000250,ノートパソコン,120000
2023/07/12 13:19:00,000251,ノートパソコン,120000
2023/07/12 17:08:00,000252,デスクトップパソコン,150000
2023/07/12 20:13:00,000253,ノートパソコン,120000
2023/07/12 20:13:00,000253,デスクトップパソコン,150000
2023/07/12 22:11:00,000254,ノートパソコン,120000
2023/07/12 23:11:00,000255,ノートパソコン,120000
2023/07/12 23:11:00,000255,プリンター,40000
2023/07/13 01:09:00,000256,ノートパソコン,120000
2023/07/13 01:10:00,000257,ノートパソコン,120000
2023/07/13 03:06:00,000258,ノートパソコン,120000
2023/07/13 03:16:00,000259,デスクトップパソコン,150000
2023/07/13 03:18:00,000260,プリンター,40000
2023/07/13 04:31:00,000261,プリンター,40000
2023/07/13 04:55:00,000262,プリンター,40000
2023/07/13 05:44:00,000263,デスクトップパソコン,150000
2023/07/13 07:38:00,000264,プリンター,40000
2023/07/13 09:35:00,000265,プリンター,40000
2023/07/13 09:42:00,000266,プリンター,40000
2023/07/13 10:08:00,000267,デスクトップパソコン,150000
2023/07/13 10:08:00,000267,プリンター,40000
2023/07/13 10:22:00,000268,プリンター,40000
2023/07/13 10:46:00,000269,ノートパソコン,120000
2023/07/13 12:16:00,000270,プリンター,40000
2023/07/13 14:38:00,000271,プリンター,40000
2023/07/13 17:54:00,000272,プリンター,40000
2023/07/13 18:15:00,000273,ノートパソコン,120000
2023/07/13 19:05:00,000274,ノートパソコン,120000
2023/07/13 20:47:00,000275,プリンター,40000
2023/07/13 20:54:00,000276,ノートパソコン,120000
2023/07/13 20:58:00,000277,プリンター,40000
2023/07/13 22:44:00,000278,デスクトップパソコン,150000
2023/07/14 00:35:00,000279,ノートパソコン,120000
2023/07/14 00:40:00,000280,デスクトップパソコン,150000
2023/07/14 02:43:00,000281,デスクトップパソコン,150000
2023/07/14 05:01:00,000282,プリンター,40000
2023/07/14 06:44:00,000283,ノートパソコン,120000
2023/07/14 07:03:00,000284,ノートパソコン,120000
2023/07/14 07:12:00,000285,ノートパソコン,120000
2023/07/14 08:14:00,000286,プリンター,40000
2023/07/14 08:28:00,000287,デスクトップパソコン,150000
2023/07/14 09:06:00,000288,ノートパソコン,120000
2023/07/14 10:41:00,000289,デスクトップパソコン,150000
2023/07/14 10:56:00,000290,プリンター,40000
2023/07/14 11:13:00,000291,プリンター,40000
2023/07/14 11:47:00,000292,ノートパソコン,120000
2023/07/14 11:52:00,000293,デスクトップパソコン,150000
2023/07/14 11:59:00,000294,ノートパソコン,120000
2023/07/14 13:22:00,000295,ノートパソコン,120000
2023/07/14 15:04:00,000296,プリンター,40000
2023/07/14 15:53:00,000297,デスクトップパソコン,150000
2023/07/14 15:58:00,000298,プリンター,40000
2023/07/14 16:37:00,000299,デスクトップパソコン,150000
2023/07/14 16:37:00,000299,プリンター,40000
2023/07/14 19:02:00,000300,デスクトップパソコン,150000
2023/07/14 21:06:00,000301,デスクトップパソコン,150000
2023/07/14 21:06:00,000301,プリンター,40000
2023/07/14 21:45:00,000302,デスクトップパソコン,150000
2023/07/14 22:57:00,000303,デスクトップパソコン,150000
2023/07/15 00:18:00,000304,プリンター,40000
2023/07/15 00:27:00,000305,ノートパソコン,120000
2023/07/15 00:39:00,000306,プリンター,40000
2023/07/15 01:37:00,000307,デスクトップパソコン,150000
2023/07/15 01:55:00,000308,プリンター,40000
2023/07/15 02:34:00,000309,プリンター,40000
2023/07/15 02:47:00,000310,ノートパソコン,120000
2023/07/15 02:49:00,000311,ノートパソコン,120000
2023/07/15 03:12:00,000312,ノートパソコン,120000
2023/07/15 03:52:00,000313,デスクトップパソコン,150000
2023/07/15 05:02:00,000314,プリンター,40000
2023/07/15 05:11:00,000315,プリンター,40000
2023/07/15 05:28:00,000316,デスクトップパソコン,150000
2023/07/15 06:23:00,000317,デスクトップパソコン,150000
2023/07/15 07:06:00,000318,デスクトップパソコン,150000
2023/07/15 07:06:00,000318,プリンター,40000
2023/07/15 08:50:00,000319,ノートパソコン,120000
2023/07/15 08:58:00,000320,プリンター,40000
2023/07/15 09:43:00,000321,デスクトップパソコン,150000
2023/07/15 09:51:00,000322,ノートパソコン,120000
2023/07/15 11:18:00,000323,プリンター,40000
2023/07/15 11:26:00,000324,ノートパソコン,120000
2023/07/15 12:05:00,000325,デスクトップパソコン,150000
2023/07/15 13:42:00,000326,プリンター,40000
2023/07/15 13:57:00,000327,デスクトップパソコン,150000
2023/07/15 14:51:00,000328,ノートパソコン,120000
2023/07/15 15:36:00,000329,デスクトップパソコン,150000
2023/07/15 20:14:00,000330,デスクトップパソコン,150000
2023/07/15 20:27:00,000331,ノートパソコン,120000
2023/07/15 21:10:00,000332,デスクトップパソコン,150000
2023/07/15 21:31:00,000333,プリンター,40000
2023/07/15 22:31:00,000334,ノートパソコン,120000
2023/07/16 01:15:00,000335,デスクトップパソコン,150000
2023/07/16 01:16:00,000336,デスクトップパソコン,150000
2023/07/16 01:53:00,000337,プリンター,40000
2023/07/16 05:23:00,000338,デスクトップパソコン,150000
2023/07/16 05:25:00,000339,デスクトップパソコン,150000
2023/07/16 05:32:00,000340,ノートパソコン,120000
2023/07/16 05:32:00,000340,デスクトップパソコン,150000
2023/07/16 05:38:00,000341,プリンター,40000
2023/07/16 07:12:00,000342,ノートパソコン,120000
2023/07/16 08:00:00,000343,プリンター,40000
2023/07/16 11:04:00,000344,デスクトップパソコン,150000
2023/07/16 12:17:00,000345,デスクトップパソコン,150000
2023/07/16 12:45:00,000346,プリンター,40000
2023/07/16 13:34:00,000347,プリンター,40000
2023/07/16 13:37:00,000348,デスクトップパソコン,150000
2023/07/16 13:51:00,000349,プリンター,40000
2023/07/16 15:43:00,000350,プリンター,40000
2023/07/16 16:31:00,000351,プリンター,40000
2023/07/16 18:37:00,000352,プリンター,40000
2023/07/16 18:41:00,000353,デスクトップパソコン,150000
2023/07/16 19:28:00,000354,プリンター,40000
2023/07/16 21:29:00,000355,ノートパソコン,120000
2023/07/16 22:53:00,000356,ノートパソコン,120000
2023/07/16 23:06:00,000357,ノートパソコン,120000
2023/07/17 00:04:00,000358,デスクトップパソコン,150000
2023/07/17 00:33:00,000359,ノートパソコン,120000
2023/07/17 01:26:00,000360,ノートパソコン,120000
2023/07/17 01:26:00,000360,デスクトップパソコン,150000
2023/07/17 03:53:00,000361,プリンター,40000
2023/07/17 04:12:00,000362,デスクトップパソコン,150000
2023/07/17 06:42:00,000363,ノートパソコン,120000
2023/07/17 06:51:00,000364,ノートパソコン,120000
2023/07/17 07:11:00,000365,ノートパソコン,120000
2023/07/17 07:44:00,000366,デスクトップパソコン,150000
2023/07/17 08:02:00,000367,プリンター,40000
2023/07/17 08:59:00,000368,ノートパソコン,120000
2023/07/17 10:26:00,000369,ノートパソコン,120000
2023/07/17 11:02:00,000370,プリンター,40000
2023/07/17 11:24:00,000371,デスクトップパソコン,150000
2023/07/17 12:39:00,000372,ノートパソコン,120000
2023/07/17 12:57:00,000373,ノートパソコン,120000
2023/07/17 13:23:00,000374,ノートパソコン,120000
2023/07/17 14:04:00,000375,デスクトップパソコン,150000
2023/07/17 14:12:00,000376,ノートパソコン,120000
2023/07/17 14:45:00,000377,プリンター,40000
2023/07/17 16:41:00,000378,デスクトップパソコン,150000
2023/07/17 16:47:00,000379,ノートパソコン,120000
2023/07/17 18:08:00,000380,ノートパソコン,120000
2023/07/17 18:51:00,000381,デスクトップパソコン,150000
2023/07/17 19:43:00,000382,プリンター,40000
2023/07/17 19:52:00,000383,デスクトップパソコン,150000
2023/07/17 20:19:00,000384,ノートパソコン,120000
2023/07/17 21:29:00,000385,デスクトップパソコン,150000
2023/07/17 22:19:00,000386,ノートパソコン,120000
2023/07/17 22:36:00,000387,プリンター,40000
2023/07/17 23:23:00,000388,プリンター,40000
2023/07/17 23:37:00,000389,デスクトップパソコン,150000
2023/07/18 00:23:00,000390,プリンター,40000
2023/07/18 01:03:00,000391,デスクトップパソコン,150000
2023/07/18 01:05:00,000392,プリンター,40000
2023/07/18 01:08:00,000393,ノートパソコン,120000
2023/07/18 01:51:00,000394,デスクトップパソコン,150000
2023/07/18 02:03:00,000395,プリンター,40000
2023/07/18 05:06:00,000396,プリンター,40000
2023/07/18 06:12:00,000397,プリンター,40000
2023/07/18 06:34:00,000398,デスクトップパソコン,150000
2023/07/18 06:43:00,000399,デスクトップパソコン,150000
2023/07/18 06:58:00,000400,プリンター,40000
2023/07/18 07:48:00,000401,プリンター,40000
2023/07/18 09:07:00,000402,ノートパソコン,120000
2023/07/18 10:50:00,000403,ノートパソコン,120000
2023/07/18 11:36:00,000404,プリンター,40000
2023/07/18 13:08:00,000405,ノートパソコン,120000
2023/07/18 16:46:00,000406,プリンター,40000
2023/07/18 17:09:00,000407,デスクトップパソコン,150000
2023/07/18 17:31:00,000408,プリンター,40000
2023/07/18 18:08:00,000409,デスクトップパソコン,150000
2023/07/18 18:52:00,000410,ノートパソコン,120000
2023/07/18 19:29:00,000411,ノートパソコン,120000
2023/07/18 20:25:00,000412,プリンター,40000
2023/07/18 21:39:00,000413,デスクトップパソコン,150000
2023/07/18 22:08:00,000414,ノートパソコン,120000
2023/07/18 22:14:00,000415,ノートパソコン,120000
2023/07/18 23:55:00,000416,プリンター,40000
2023/07/19 02:31:00,000417,プリンター,40000
2023/07/19 03:47:00,000418,デスクトップパソコン,150000
2023/07/19 04:08:00,000419,デスクトップパソコン,150000
2023/07/19 07:32:00,000420,プリンター,40000
2023/07/19 14:26:00,000421,プリンター,40000
2023/07/19 14:49:00,000422,デスクトップパソコン,150000
2023/07/19 15:05:00,000423,デスクトップパソコン,150000
2023/07/19 15:59:00,000424,ノートパソコン,120000
2023/07/19 16:17:00,000425,プリンター,40000
2023/07/19 18:51:00,000426,ノートパソコン,120000
2023/07/19 19:02:00,000427,ノートパソコン,120000
2023/07/19 19:54:00,000428,ノートパソコン,120000
2023/07/19 19:54:00,000428,プリンター,40000
2023/07/19 20:51:00,000429,プリンター,40000
2023/07/19 21:21:00,000430,プリンター,40000
2023/07/20 00:12:00,000431,ノートパソコン,120000
2023/07/20 00:18:00,000432,プリンター,40000
2023/07/20 00:35:00,000433,デスクトップパソコン,150000
2023/07/20 02:15:00,000434,ノートパソコン,120000
2023/07/20 02:28:00,000435,デスクトップパソコン,150000
2023/07/20 02:45:00,000436,ノートパソコン,120000
2023/07/20 03:10:00,000437,プリンター,40000
2023/07/20 03:23:00,000438,プリンター,40000
2023/07/20 06:32:00,000439,ノートパソコン,120000
2023/07/20 06:36:00,000440,ノートパソコン,120000
2023/07/20 06:36:00,000440,プリンター,40000
2023/07/20 08:24:00,000441,デスクトップパソコン,150000
2023/07/20 08:42:00,000442,ノートパソコン,120000
2023/07/20 09:25:00,000443,ノートパソコン,120000
2023/07/20 10:55:00,000444,デスクトップパソコン,150000
2023/07/20 10:55:00,000444,プリンター,40000
2023/07/20 11:14:00,000445,ノートパソコン,120000
2023/07/20 12:18:00,000446,デスクトップパソコン,150000
2023/07/20 12:21:00,000447,デスクトップパソコン,150000
2023/07/20 14:05:00,000448,ノートパソコン,120000
2023/07/20 14:08:00,000449,デスクトップパソコン,150000
2023/07/20 19:11:00,000450,ノートパソコン,120000
2023/07/20 19:30:00,000451,ノートパソコン,120000
2023/07/20 19:30:00,000451,プリンター,40000
2023/07/20 21:06:00,000452,プリンター,40000
2023/07/20 21:23:00,000453,デスクトップパソコン,150000
2023/07/20 22:15:00,000454,ノートパソコン,120000
2023/07/20 22:15:00,000454,プリンター,40000
2023/07/20 23:08:00,000455,ノートパソコン,120000
2023/07/21 00:07:00,000456,デスクトップパソコン,150000
2023/07/21 07:20:00,000457,デスクトップパソコン,150000
2023/07/21 07:59:00,000458,ノートパソコン,120000
2023/07/21 09:29:00,000459,プリンター,40000
2023/07/21 09:53:00,000460,ノートパソコン,120000
2023/07/21 10:04:00,000461,ノートパソコン,120000
2023/07/21 10:10:00,000462,プリンター,40000
2023/07/21 10:12:00,000463,ノートパソコン,120000
2023/07/21 10:59:00,000464,ノートパソコン,120000
2023/07/21 11:42:00,000465,デスクトップパソコン,150000
2023/07/21 13:24:00,000466,ノートパソコン,120000
2023/07/21 15:27:00,000467,デスクトップパソコン,150000
2023/07/21 19:20:00,000468,プリンター,40000
2023/07/21 20:43:00,000469,プリンター,40000
2023/07/21 23:18:00,000470,プリンター,40000
2023/07/21 23:35:00,000471,プリンター,40000
2023/07/22 00:05:00,000472,デスクトップパソコン,150000
2023/07/22 00:05:00,000472,プリンター,40000
2023/07/22 00:56:00,000473,デスクトップパソコン,150000
2023/07/22 01:26:00,000474,プリンター,40000
2023/07/22 02:31:00,000475,デスクトップパソコン,150000
2023/07/22 03:16:00,000476,ノートパソコン,120000
2023/07/22 04:44:00,000477,デスクトップパソコン,150000
2023/07/22 05:05:00,000478,デスクトップパソコン,150000
2023/07/22 06:24:00,000479,ノートパソコン,120000
2023/07/22 08:21:00,000480,ノートパソコン,120000
2023/07/22 09:08:00,000481,ノートパソコン,120000
2023/07/22 09:28:00,000482,ノートパソコン,120000
2023/07/22 11:08:00,000483,デスクトップパソコン,150000
2023/07/22 11:09:00,000484,ノートパソコン,120000
2023/07/22 11:25:00,000485,プリンター,40000
2023/07/22 12:28:00,000486,プリンター,40000
2023/07/22 14:32:00,000487,プリンター,40000
2023/07/22 15:27:00,000488,ノートパソコン,120000
2023/07/22 15:48:00,000489,プリンター,40000
2023/07/22 16:20:00,000490,ノートパソコン,120000
2023/07/22 16:58:00,000491,デスクトップパソコン,150000
2023/07/22 17:13:00,000492,ノートパソコン,120000
2023/07/22 18:14:00,000493,プリンター,40000
2023/07/22 20:23:00,000494,デスクトップパソコン,150000
2023/07/22 20:57:00,000495,ノートパソコン,120000
2023/07/22 21:45:00,000496,プリンター,40000
2023/07/22 21:50:00,000497,プリンター,40000
2023/07/22 23:05:00,000498,プリンター,40000
2023/07/22 23:51:00,000499,プリンター,40000
2023/07/23 00:20:00,000500,デスクトップパソコン,150000
2023/07/23 00:34:00,000501,デスクトップパソコン,150000
2023/07/23 01:05:00,000502,ノートパソコン,120000
2023/07/23 01:55:00,000503,デスクトップパソコン,150000
2023/07/23 01:59:00,000504,ノートパソコン,120000
2023/07/23 02:34:00,000505,デスクトップパソコン,150000
2023/07/23 03:01:00,000506,ノートパソコン,120000
2023/07/23 03:16:00,000507,プリンター,40000
2023/07/23 03:40:00,000508,ノートパソコン,120000
2023/07/23 03:58:00,000509,ノートパソコン,120000
2023/07/23 05:08:00,000510,ノートパソコン,120000
2023/07/23 05:11:00,000511,プリンター,40000
2023/07/23 05:35:00,000512,デスクトップパソコン,150000
2023/07/23 05:59:00,000513,デスクトップパソコン,150000
2023/07/23 06:46:00,000514,ノートパソコン,120000
2023/07/23 07:02:00,000515,デスクトップパソコン,150000
2023/07/23 07:04:00,000516,プリンター,40000
2023/07/23 07:11:00,000517,ノートパソコン,120000
2023/07/23 07:27:00,000518,デスクトップパソコン,150000
2023/07/23 08:48:00,000519,プリンター,40000
2023/07/23 08:58:00,000520,プリンター,40000
2023/07/23 09:17:00,000521,デスクトップパソコン,150000
2023/07/23 09:31:00,000522,デスクトップパソコン,150000
2023/07/23 09:54:00,000523,プリンター,40000
2023/07/23 10:37:00,000524,デスクトップパソコン,150000
2023/07/23 11:06:00,000525,ノートパソコン,120000
2023/07/23 11:13:00,000526,プリンター,40000
2023/07/23 11:37:00,000527,ノートパソコン,120000
2023/07/23 11:55:00,000528,ノートパソコン,120000
2023/07/23 12:36:00,000529,プリンター,40000
2023/07/23 12:47:00,000530,ノートパソコン,120000
2023/07/23 12:51:00,000531,デスクトップパソコン,150000
2023/07/23 13:13:00,000532,デスクトップパソコン,150000
2023/07/23 13:19:00,000533,プリンター,40000
2023/07/23 13:55:00,000534,ノートパソコン,120000
2023/07/23 14:00:00,000535,プリンター,40000
2023/07/23 14:21:00,000536,ノートパソコン,120000
2023/07/23 14:24:00,000537,ノートパソコン,120000
2023/07/23 14:40:00,000538,デスクトップパソコン,150000
2023/07/23 15:20:00,000539,デスクトップパソコン,150000
2023/07/23 16:07:00,000540,プリンター,40000
2023/07/23 16:16:00,000541,ノートパソコン,120000
2023/07/23 16:51:00,000542,デスクトップパソコン,150000
2023/07/23 16:55:00,000543,デスクトップパソコン,150000
2023/07/23 18:09:00,000544,ノートパソコン,120000
2023/07/23 18:17:00,000545,デスクトップパソコン,150000
2023/07/23 18:52:00,000546,プリンター,40000
2023/07/23 19:32:00,000547,ノートパソコン,120000
2023/07/23 19:33:00,000548,プリンター,40000
2023/07/23 20:00:00,000549,プリンター,40000
2023/07/23 20:49:00,000550,ノートパソコン,120000
2023/07/23 21:12:00,000551,ノートパソコン,120000
2023/07/23 21:12:00,000551,プリンター,40000
2023/07/23 22:07:00,000552,ノートパソコン,120000
2023/07/23 22:32:00,000553,ノートパソコン,120000
2023/07/23 22:53:00,000554,ノートパソコン,120000
2023/07/24 00:46:00,000555,ノートパソコン,120000
2023/07/24 01:02:00,000556,デスクトップパソコン,150000
2023/07/24 01:02:00,000556,プリンター,40000
2023/07/24 01:37:00,000557,デスクトップパソコン,150000
2023/07/24 02:46:00,000558,デスクトップパソコン,150000
2023/07/24 03:28:00,000559,プリンター,40000
2023/07/24 04:25:00,000560,ノートパソコン,120000
2023/07/24 12:49:00,000561,ノートパソコン,120000
2023/07/24 14:10:00,000562,ノートパソコン,120000
2023/07/24 18:07:00,000563,プリンター,40000
2023/07/24 20:29:00,000564,プリンター,40000
2023/07/24 21:27:00,000565,デスクトップパソコン,150000
2023/07/24 23:28:00,000566,デスクトップパソコン,150000
2023/07/24 23:40:00,000567,ノートパソコン,120000
2023/07/25 00:34:00,000568,ノートパソコン,120000
2023/07/25 03:46:00,000569,プリンター,40000
2023/07/25 06:15:00,000570,プリンター,40000
2023/07/25 07:33:00,000571,ノートパソコン,120000
2023/07/25 07:59:00,000572,プリンター,40000
2023/07/25 08:35:00,000573,プリンター,40000
2023/07/25 08:57:00,000574,プリンター,40000
2023/07/25 09:30:00,000575,デスクトップパソコン,150000
2023/07/25 10:13:00,000576,ノートパソコン,120000
2023/07/25 12:47:00,000577,デスクトップパソコン,150000
2023/07/25 13:05:00,000578,ノートパソコン,120000
2023/07/25 13:29:00,000579,プリンター,40000
2023/07/25 14:16:00,000580,ノートパソコン,120000
2023/07/25 14:25:00,000581,デスクトップパソコン,150000
2023/07/25 15:14:00,000582,ノートパソコン,120000
2023/07/25 16:30:00,000583,ノートパソコン,120000
2023/07/25 16:30:00,000583,デスクトップパソコン,150000
2023/07/25 20:33:00,000584,プリンター,40000
2023/07/25 22:10:00,000585,プリンター,40000
2023/07/25 22:47:00,000586,ノートパソコン,120000
2023/07/25 22:56:00,000587,ノートパソコン,120000
2023/07/25 23:32:00,000588,デスクトップパソコン,150000
2023/07/25 23:54:00,000589,デスクトップパソコン,150000
2023/07/26 00:26:00,000590,ノートパソコン,120000
2023/07/26 00:30:00,000591,ノートパソコン,120000
2023/07/26 03:37:00,000592,デスクトップパソコン,150000
2023/07/26 03:43:00,000593,デスクトップパソコン,150000
2023/07/26 05:20:00,000594,ノートパソコン,120000
2023/07/26 05:36:00,000595,プリンター,40000
2023/07/26 06:29:00,000596,ノートパソコン,120000
2023/07/26 06:40:00,000597,プリンター,40000
2023/07/26 06:58:00,000598,プリンター,40000
2023/07/26 07:10:00,000599,デスクトップパソコン,150000
2023/07/26 07:19:00,000600,プリンター,40000
2023/07/26 07:35:00,000601,デスクトップパソコン,150000
2023/07/26 08:12:00,000602,プリンター,40000
2023/07/26 09:45:00,000603,ノートパソコン,120000
2023/07/26 09:46:00,000604,ノートパソコン,120000
2023/07/26 10:45:00,000605,ノートパソコン,120000
2023/07/26 12:29:00,000606,プリンター,40000
2023/07/26 13:07:00,000607,デスクトップパソコン,150000
2023/07/26 16:39:00,000608,ノートパソコン,120000
2023/07/26 17:51:00,000609,プリンター,40000
2023/07/26 18:24:00,000610,プリンター,40000
2023/07/26 18:37:00,000611,プリンター,40000
2023/07/26 22:59:00,000612,プリンター,40000
2023/07/26 23:15:00,000613,プリンター,40000
2023/07/26 23:19:00,000614,ノートパソコン,120000
2023/07/27 00:02:00,000615,プリンター,40000
2023/07/27 00:25:00,000616,デスクトップパソコン,150000
2023/07/27 01:38:00,000617,プリンター,40000
2023/07/27 01:52:00,000618,ノートパソコン,120000
2023/07/27 03:43:00,000619,プリンター,40000
2023/07/27 04:51:00,000620,プリンター,40000
2023/07/27 04:56:00,000621,ノートパソコン,120000
2023/07/27 05:20:00,000622,プリンター,40000
2023/07/27 06:00:00,000623,ノートパソコン,120000
2023/07/27 06:00:00,000623,プリンター,40000
2023/07/27 07:32:00,000624,ノートパソコン,120000
2023/07/27 07:48:00,000625,プリンター,40000
2023/07/27 07:50:00,000626,デスクトップパソコン,150000
2023/07/27 08:10:00,000627,デスクトップパソコン,150000
2023/07/27 10:12:00,000628,ノートパソコン,120000
2023/07/27 11:00:00,000629,プリンター,40000
2023/07/27 13:52:00,000630,ノートパソコン,120000
2023/07/27 14:44:00,000631,デスクトップパソコン,150000
2023/07/27 16:42:00,000632,デスクトップパソコン,150000
2023/07/27 18:58:00,000633,ノートパソコン,120000
2023/07/27 19:01:00,000634,ノートパソコン,120000
2023/07/27 19:15:00,000635,プリンター,40000
2023/07/27 20:09:00,000636,デスクトップパソコン,150000
2023/07/27 20:41:00,000637,ノートパソコン,120000
2023/07/27 20:42:00,000638,プリンター,40000
2023/07/27 22:32:00,000639,プリンター,40000
2023/07/27 23:14:00,000640,デスクトップパソコン,150000
2023/07/27 23:28:00,000641,プリンター,40000
2023/07/28 02:37:00,000642,プリンター,40000
2023/07/28 03:04:00,000643,デスクトップパソコン,150000
2023/07/28 03:19:00,000644,デスクトップパソコン,150000
2023/07/28 05:56:00,000645,ノートパソコン,120000
2023/07/28 07:12:00,000646,プリンター,40000
2023/07/28 07:13:00,000647,プリンター,40000
2023/07/28 07:17:00,000648,プリンター,40000
2023/07/28 09:00:00,000649,プリンター,40000
2023/07/28 09:10:00,000650,プリンター,40000
2023/07/28 09:52:00,000651,プリンター,40000
2023/07/28 09:54:00,000652,デスクトップパソコン,150000
2023/07/28 11:24:00,000653,ノートパソコン,120000
2023/07/28 11:38:00,000654,ノートパソコン,120000
2023/07/28 11:47:00,000655,ノートパソコン,120000
2023/07/28 12:08:00,000656,ノートパソコン,120000
2023/07/28 12:35:00,000657,デスクトップパソコン,150000
2023/07/28 15:21:00,000658,プリンター,40000
2023/07/28 15:36:00,000659,ノートパソコン,120000
2023/07/28 16:40:00,000660,プリンター,40000
2023/07/28 17:21:00,000661,プリンター,40000
2023/07/28 19:48:00,000662,ノートパソコン,120000
2023/07/28 19:57:00,000663,デスクトップパソコン,150000
2023/07/28 21:00:00,000664,ノートパソコン,120000
2023/07/28 23:26:00,000665,デスクトップパソコン,150000
2023/07/28 23:41:00,000666,プリンター,40000
2023/07/29 01:15:00,000667,デスクトップパソコン,150000
2023/07/29 01:24:00,000668,デスクトップパソコン,150000
2023/07/29 02:14:00,000669,ノートパソコン,120000
2023/07/29 02:25:00,000670,プリンター,40000
2023/07/29 02:34:00,000671,ノートパソコン,120000
2023/07/29 04:22:00,000672,プリンター,40000
2023/07/29 04:52:00,000673,デスクトップパソコン,150000
2023/07/29 04:53:00,000674,デスクトップパソコン,150000
2023/07/29 05:13:00,000675,プリンター,40000
2023/07/29 07:14:00,000676,プリンター,40000
2023/07/29 07:54:00,000677,プリンター,40000
2023/07/29 08:06:00,000678,プリンター,40000
2023/07/29 09:03:00,000679,プリンター,40000
2023/07/29 09:09:00,000680,ノートパソコン,120000
2023/07/29 09:54:00,000681,デスクトップパソコン,150000
2023/07/29 09:55:00,000682,プリンター,40000
2023/07/29 11:24:00,000683,プリンター,40000
2023/07/29 11:25:00,000684,ノートパソコン,120000
2023/07/29 12:50:00,000685,プリンター,40000
2023/07/29 14:12:00,000686,プリンター,40000
2023/07/29 14:58:00,000687,プリンター,40000
2023/07/29 15:36:00,000688,デスクトップパソコン,150000
2023/07/29 16:04:00,000689,プリンター,40000
2023/07/29 16:27:00,000690,ノートパソコン,120000
2023/07/29 16:51:00,000691,ノートパソコン,120000
2023/07/29 17:57:00,000692,ノートパソコン,120000
2023/07/29 18:18:00,000693,デスクトップパソコン,150000
2023/07/29 19:56:00,000694,プリンター,40000
2023/07/29 22:41:00,000695,プリンター,40000
2023/07/29 23:11:00,000696,ノートパソコン,120000
2023/07/30 01:45:00,000697,プリンター,40000
2023/07/30 01:48:00,000698,プリンター,40000
2023/07/30 03:08:00,000699,プリンター,40000
2023/07/30 04:10:00,000700,デスクトップパソコン,150000
2023/07/30 04:54:00,000701,デスクトップパソコン,150000
2023/07/30 06:11:00,000702,プリンター,40000
2023/07/30 06:15:00,000703,プリンター,40000
2023/07/30 08:12:00,000704,プリンター,40000
2023/07/30 09:46:00,000705,ノートパソコン,120000
2023/07/30 13:30:00,000706,デスクトップパソコン,150000
2023/07/30 13:30:00,000706,プリンター,40000
2023/07/30 14:05:00,000707,ノートパソコン,120000
2023/07/30 14:42:00,000708,プリンター,40000
2023/07/30 15:16:00,000709,デスクトップパソコン,150000
2023/07/30 15:21:00,000710,プリンター,40000
2023/07/30 15:42:00,000711,プリンター,40000
2023/07/30 16:19:00,000712,ノートパソコン,120000
2023/07/30 18:57:00,000713,ノートパソコン,120000
2023/07/30 18:57:00,000713,デスクトップパソコン,150000
2023/07/30 19:16:00,000714,デスクトップパソコン,150000
2023/07/30 19:30:00,000715,ノートパソコン,120000
2023/07/30 19:41:00,000716,プリンター,40000
2023/07/30 20:02:00,000717,デスクトップパソコン,150000
2023/07/30 20:06:00,000718,ノートパソコン,120000
2023/07/30 21:47:00,000719,ノートパソコン,120000
2023/07/30 22:14:00,000720,プリンター,40000
2023/07/30 23:47:00,000721,プリンター,40000
2023/07/31 01:33:00,000722,プリンター,40000
2023/07/31 02:21:00,000723,ノートパソコン,120000
2023/07/31 03:45:00,000724,ノートパソコン,120000
2023/07/31 04:41:00,000725,デスクトップパソコン,150000
2023/07/31 05:17:00,000726,プリンター,40000
2023/07/31 05:42:00,000727,プリンター,40000
2023/07/31 06:58:00,000728,デスクトップパソコン,150000
2023/07/31 07:17:00,000729,デスクトップパソコン,150000
2023/07/31 07:28:00,000730,ノートパソコン,120000
2023/07/31 07:35:00,000731,デスクトップパソコン,150000
2023/07/31 11:39:00,000732,プリンター,40000
2023/07/31 14:00:00,000733,デスクトップパソコン,150000
2023/07/31 14:44:00,000734,デスクトップパソコン,150000
2023/07/31 14:46:00,000735,プリンター,40000
2023/07/31 14:58:00,000736,ノートパソコン,120000
2023/07/31 16:00:00,000737,デスクトップパソコン,150000
2023/07/31 16:14:00,000738,デスクトップパソコン,150000
2023/07/31 17:12:00,000739,ノートパソコン,120000
2023/07/31 17:23:00,000740,プリンター,40000
2023/07/31 21:09:00,000741,デスクトップパソコン,150000
2023/07/31 22:18:00,000742,ノートパソコン,120000
2023/07/31 23:22:00,000743,ノートパソコン,120000
